model_name,accuracy,balanced_accuracy,precision,recall,specificity,f1,f2,roc_auc,average_precision_pr_auc,mcc,cohen_kappa,brier_score,log_loss,threshold,test_rows
Logistic Regression,0.7659635446520693,0.776802653671273,0.5515560017209236,0.8009162848812995,0.7526890224612465,0.6532484076433122,0.7345021198579123,0.8478891928004795,0.6648848554981691,0.5047870235530855,0.48553323312770513,0.1620524335722137,0.4909449004065402,0.5,17446
