{
    "model_name": "Logistic Regression",
    "accuracy": 0.7659635446520693,
    "balanced_accuracy": 0.776802653671273,
    "precision": 0.5515560017209236,
    "recall": 0.8009162848812995,
    "specificity": 0.7526890224612465,
    "f1": 0.6532484076433122,
    "f2": 0.7345021198579123,
    "roc_auc": 0.8478891928004795,
    "average_precision_pr_auc": 0.6648848554981691,
    "mcc": 0.5047870235530855,
    "cohen_kappa": 0.48553323312770513,
    "brier_score": 0.1620524335722137,
    "log_loss": 0.4909449004065402,
    "threshold": 0.5,
    "test_rows": 17446
}