{
    "model_name": "Gradient Boosting",
    "accuracy": 0.8387596010546831,
    "balanced_accuracy": 0.7829813377875217,
    "precision": 0.7292002765614197,
    "recall": 0.6588921282798834,
    "specificity": 0.9070705472951598,
    "f1": 0.6922656164533421,
    "f2": 0.6718477937741538,
    "roc_auc": 0.9031491907107669,
    "average_precision_pr_auc": 0.7797295997343309,
    "mcc": 0.5847828636981365,
    "cohen_kappa": 0.5834065309345425,
    "brier_score": 0.11049492786620013,
    "log_loss": 0.34450224536110885,
    "threshold": 0.5,
    "test_rows": 17446
}