{
    "model_name": "Decision Tree",
    "accuracy": 0.7800068783675341,
    "balanced_accuracy": 0.7992776525546076,
    "precision": 0.5676586187535093,
    "recall": 0.8421491045397751,
    "specificity": 0.7564062005694401,
    "f1": 0.6781821230924031,
    "f2": 0.7678869816193225,
    "roc_auc": 0.8804506446420286,
    "average_precision_pr_auc": 0.7155135946971483,
    "mcc": 0.5438933176838456,
    "cohen_kappa": 0.5205045756258321,
    "brier_score": 0.14583240740481754,
    "log_loss": 0.44406535674124303,
    "threshold": 0.5,
    "test_rows": 17446
}