model_name,accuracy,balanced_accuracy,precision,recall,specificity,f1,f2,roc_auc,average_precision_pr_auc,mcc,cohen_kappa,brier_score,log_loss,threshold,test_rows
Decision Tree,0.7800068783675341,0.7992776525546076,0.5676586187535093,0.8421491045397751,0.7564062005694401,0.6781821230924031,0.7678869816193225,0.8804506446420286,0.7155135946971483,0.5438933176838456,0.5205045756258321,0.14583240740481754,0.44406535674124303,0.5,17446
