{
    "model_name": "Random Forest",
    "accuracy": 0.8427146623867935,
    "balanced_accuracy": 0.8029524533764205,
    "precision": 0.7141965029142381,
    "recall": 0.714493960849646,
    "specificity": 0.8914109459031951,
    "f1": 0.7143452009160941,
    "f2": 0.7144344494419457,
    "roc_auc": 0.9039495828546605,
    "average_precision_pr_auc": 0.7874665734429569,
    "mcc": 0.60582668459684,
    "cohen_kappa": 0.6058266595942681,
    "brier_score": 0.11060022281335852,
    "log_loss": 0.3540098283372474
}