model_name,accuracy,balanced_accuracy,precision,recall,specificity,f1,f2,roc_auc,average_precision_pr_auc,mcc,cohen_kappa,brier_score,log_loss
Random Forest,0.8427146623867935,0.8029524533764205,0.7141965029142381,0.714493960849646,0.8914109459031951,0.7143452009160941,0.7144344494419457,0.9039495828546605,0.7874665734429569,0.60582668459684,0.6058266595942681,0.11060022281335852,0.3540098283372474
Gradient Boosting,0.8387596010546831,0.7829813377875217,0.7292002765614197,0.6588921282798834,0.9070705472951598,0.6922656164533421,0.6718477937741538,0.9031491907107669,0.7797295997343309,0.5847828636981365,0.5834065309345425,0.11049492786620013,0.34450224536110885
Decision Tree,0.7800068783675341,0.7992776525546076,0.5676586187535093,0.8421491045397751,0.7564062005694401,0.6781821230924031,0.7678869816193225,0.8804506446420286,0.7155135946971483,0.5438933176838456,0.5205045756258321,0.14583240740481754,0.44406535674124303
Logistic Regression,0.7659062249226184,0.7767631092233135,0.5514769142529395,0.8009162848812995,0.7526099335653275,0.6531929347826086,0.7344740661523184,0.8478887645807182,0.6648835379351652,0.5047028181484823,0.48543637490268354,0.16205235010759728,0.4909446844161882
